{
    "plddts": {
        "model_1": 76.4393301917477,
        "model_2": 79.251447332181,
        "model_3": 75.46608250987691,
        "model_4": 72.64140523690853,
        "model_5": 75.50687735645016
    },
    "order": [
        "model_2",
        "model_1",
        "model_5",
        "model_3",
        "model_4"
    ]
}